available_percent,available_filter,deep_cursor,arm,block,median_ms,sample_min_ms,sample_max_ms,vm_steps,fullscan_steps,sorts,autoindex_rows,reprepare,cache_hits,cache_misses,temp_spill_bytes,prepare_observation_ms,physical_read_bytes_12_samples,read_syscalls_12_samples,cache_bytes,censored
0%,true,false,store,1,72.865414,71.808656,77.86490599999999,4000019,199999,0,0,1,598455,3359,0,0.141419,0,40368,2102784,false
0%,true,false,control,1,72.824904,71.263383,80.629865,4000019,199999,0,0,1,598455,3359,0,0.129099,0,40368,2102784,false
0%,true,false,before,1,74.026205,72.376109,78.113303,4000019,199999,0,0,1,598455,3359,0,0.118708,0,40368,2102784,false
0%,true,false,public,1,73.102461,71.990613,79.05443,,,,,,,,,,0,40368,,false
0%,true,false,public,2,72.993467,71.09588,81.095445,,,,,,,,,,0,40368,,false
0%,true,false,before,2,71.206433,70.07812700000001,73.384302,4000019,199999,0,0,1,598455,3359,0,0.125698,0,40368,2102784,false
0%,true,false,control,2,72.370659,70.74898,78.20548,4000019,199999,0,0,1,598455,3359,0,0.120589,0,40368,2102784,false
0%,true,false,store,2,72.089395,71.19623299999999,74.89349100000001,4000019,199999,0,0,1,598455,3359,0,0.119639,0,40368,2102784,false
0%,true,true,store,1,45.349286,44.315174,47.213279,3000021,199999,0,0,1,299031,2783,0,0.087389,0,33456,2102784,false
0%,true,true,control,1,46.301285,44.56861,53.098185,3000021,199999,0,0,1,299031,2783,0,0.086099,0,33456,2102784,false
0%,true,true,before,1,45.038595,44.366503,50.820195999999996,3000021,199999,0,0,1,299031,2783,0,0.119098,0,33456,2102784,false
0%,true,true,public,1,49.010098,47.656478,53.943579,,,,,,,,,,0,33456,,false
0%,true,true,public,2,48.386219,47.09944,49.788768,,,,,,,,,,0,33456,,false
0%,true,true,before,2,45.123193,44.342863,47.852696,3000021,199999,0,0,1,299031,2783,0,0.110829,0,33456,2102784,false
0%,true,true,control,2,47.149550,45.154702,55.011235,3000021,199999,0,0,1,299031,2783,0,0.117928,0,33456,2102784,false
0%,true,true,store,2,46.641146,44.843526000000004,51.630866,3000021,199999,0,0,1,299031,2783,0,0.163548,0,33456,2102784,false
0%,false,false,store,1,0.186658,0.148369,0.254027,2118,49,0,0,1,312,0,0,0.044220,0,60,96512,false
0%,false,false,control,1,0.151488,0.146998,0.183938,2118,49,0,0,1,312,0,0,0.042550,0,60,96512,false
0%,false,false,before,1,0.149398,0.145128,0.171238,2118,49,0,0,1,312,0,0,0.044640,0,60,96512,false
0%,false,false,public,1,0.151098,0.145148,0.201588,,,,,,,,,,0,60,,false
0%,false,false,public,2,0.149699,0.146259,0.281622,,,,,,,,,,0,60,,false
0%,false,false,before,2,0.168748,0.149868,0.206238,2118,49,0,0,1,312,0,0,0.089009,0,60,96512,false
0%,false,false,control,2,0.169348,0.147998,0.210878,2118,49,0,0,1,312,0,0,0.042920,0,60,96512,false
0%,false,false,store,2,0.165598,0.146298,0.200437,2118,49,0,0,1,312,0,0,0.042559,0,60,96512,false
0%,false,true,store,1,7.529000,7.2818830000000005,7.9816139999999995,802220,100049,0,0,1,297,1106,0,0.100999,0,13332,2102784,false
0%,false,true,control,1,7.672439,7.2599730000000005,7.906026,802220,100049,0,0,1,297,1106,0,0.064139,0,13332,2102784,false
0%,false,true,before,1,7.393404,7.266693,7.760037,802220,100049,0,0,1,297,1106,0,0.075319,0,13332,2102784,false
0%,false,true,public,1,7.582479,7.328873,8.299262,,,,,,,,,,0,13332,,false
0%,false,true,public,2,7.464665,7.319913,8.024984,,,,,,,,,,0,13332,,false
0%,false,true,before,2,7.519782,7.320322,8.605052,802220,100049,0,0,1,297,1106,0,0.080259,0,13332,2102784,false
0%,false,true,control,2,7.648658,7.394721,7.777507,802220,100049,0,0,1,297,1106,0,0.062969,0,13332,2102784,false
0%,false,true,store,2,7.494930,7.343342,7.764497,802220,100049,0,0,1,297,1106,0,0.062549,0,13332,2102784,false
0.01%,true,false,store,1,74.834759,74.32313599999999,81.817847,4000659,199999,0,0,1,598556,3441,0,0.118358,0,41352,2102784,false
0.01%,true,false,control,1,76.029291,74.947789,83.958605,4000659,199999,0,0,1,598556,3441,0,0.116029,0,41352,2102784,false
0.01%,true,false,before,1,353.091712,348.03218200000003,368.356669,23800579,199999,0,0,1,798536,3441,0,0.118009,0,41352,2102784,false
0.01%,true,false,public,1,75.417288,74.317826,80.996788,,,,,,,,,,0,41352,,false
0.01%,true,false,public,2,75.304884,73.83102199999999,78.98337699999999,,,,,,,,,,0,41352,,false
0.01%,true,false,before,2,355.092158,344.300359,381.593373,23800579,199999,0,0,1,798536,3441,0,0.120808,0,41352,2102784,false
0.01%,true,false,control,2,76.372722,74.406745,81.8738,4000659,199999,0,0,1,598556,3441,0,0.116879,0,41352,2102784,false
0.01%,true,false,store,2,76.214665,74.457865,86.139796,4000659,199999,0,0,1,598556,3441,0,0.101289,0,41352,2102784,false
0.01%,true,true,store,1,48.091966,47.332752,57.704155,3000341,199999,0,0,1,299078,2829,0,0.096809,0,34008,2102784,false
0.01%,true,true,control,1,48.265836,46.807843,53.645171999999995,3000341,199999,0,0,1,299078,2829,0,0.113449,0,34008,2102784,false
0.01%,true,true,before,1,184.928126,182.49492,198.834225,12900801,199999,0,0,1,399068,2829,0,0.118359,0,34008,2102784,false
0.01%,true,true,public,1,49.830483,47.117549000000004,54.297554,,,,,,,,,,0,34008,,false
0.01%,true,true,public,2,47.439066,46.536118,50.817007,,,,,,,,,,0,34008,,false
0.01%,true,true,before,2,188.029174,183.335434,199.70226399999999,12900801,199999,0,0,1,399068,2829,0,0.117709,0,34008,2102784,false
0.01%,true,true,control,2,48.001349,47.502145000000006,48.453704,3000341,199999,0,0,1,299078,2829,0,0.116328,0,34008,2102784,false
0.01%,true,true,store,2,48.505084,47.08599,52.300088,3000341,199999,0,0,1,299078,2829,0,0.104659,0,34008,2102784,false
0.01%,false,false,store,1,0.162948,0.152118,0.21424700000000002,2118,49,0,0,1,312,0,0,0.079609,0,60,96512,false
0.01%,false,false,control,1,0.172098,0.153189,0.20802700000000002,2118,49,0,0,1,312,0,0,0.043989,0,60,96512,false
0.01%,false,false,before,1,0.301476,0.293636,0.324736,12018,49,0,0,1,412,0,0,0.061789,0,60,100864,false
0.01%,false,false,public,1,0.161608,0.14560800000000002,0.176178,,,,,,,,,,0,60,,false
0.01%,false,false,public,2,0.168108,0.148848,0.213167,,,,,,,,,,0,60,,false
0.01%,false,false,before,2,0.312497,0.292847,0.358376,12018,49,0,0,1,412,0,0,0.058489,0,60,100864,false
0.01%,false,false,control,2,0.152018,0.146119,0.192357,2118,49,0,0,1,312,0,0,0.046709,0,60,96512,false
0.01%,false,false,store,2,0.159168,0.14812899999999998,0.201217,2118,49,0,0,1,312,0,0,0.059949,0,60,96512,false
0.01%,false,true,store,1,7.797356,7.354682,13.053503,802220,100049,0,0,1,297,1106,0,0.077179,0,13332,2102784,false
0.01%,false,true,control,1,7.671238,7.370764,8.265151,802220,100049,0,0,1,297,1106,0,0.076549,0,13332,2102784,false
0.01%,false,true,before,1,7.670619,7.411461,8.33861,812120,100049,0,0,1,396,1107,0,0.063289,0,13344,2102784,false
0.01%,false,true,public,1,7.706609,7.269023000000001,8.682698,,,,,,,,,,0,13332,,false
0.01%,false,true,public,2,7.565461,7.326463,7.833467000000001,,,,,,,,,,0,13332,,false
0.01%,false,true,before,2,7.833627,7.583639,8.077124999999999,812120,100049,0,0,1,396,1107,0,0.105649,0,13344,2102784,false
0.01%,false,true,control,2,8.079845,7.401572000000001,10.835315999999999,802220,100049,0,0,1,297,1106,0,0.064469,0,13332,2102784,false
0.01%,false,true,store,2,7.713357,7.397093000000001,13.171482,802220,100049,0,0,1,297,1106,0,0.062819,0,13332,2102784,false
10%,true,false,store,1,0.425124,0.405365,0.519104,11618,499,0,0,1,3263,0,0,0.061689,0,60,214016,false
10%,true,false,control,1,0.456864,0.424274,0.471634,11618,499,0,0,1,3263,0,0,0.056369,0,60,214016,false
10%,true,false,before,1,1361.597442,1342.799083,1380.286953,45023418,499,0,0,1,18111213,0,0,0.136268,0,60,1206272,false
10%,true,false,public,1,0.446925,0.41292500000000004,0.48817499999999997,,,,,,,,,,0,60,,false
10%,true,false,public,2,0.429765,0.408385,0.46136499999999997,,,,,,,,,,0,60,,false
10%,true,false,before,2,1364.847010,1347.21388,1395.272313,45023418,499,0,0,1,18111213,0,0,0.131319,0,60,1206272,false
10%,true,false,control,2,0.450615,0.421265,0.5332479999999999,11618,499,0,0,1,3263,0,0,0.059469,0,60,214016,false
10%,true,false,store,2,0.460024,0.448384,0.479724,11618,499,0,0,1,3263,0,0,0.067169,0,60,214016,false
10%,true,true,store,1,7.932796,7.620529,8.211392,812620,100499,0,0,1,3216,1137,0,0.064379,0,13704,2102784,false
10%,true,true,control,1,7.895437,7.576859,9.069357,812620,100499,0,0,1,3216,1137,0,0.064339,0,13704,2102784,false
10%,true,true,before,1,1573.300208,1540.595206,1615.122752,50824420,100499,0,0,1,20122367,1364,0,0.134019,0,16428,2102784,false
10%,true,true,public,1,7.882196,7.685558,8.922764999999998,,,,,,,,,,0,13704,,false
10%,true,true,public,2,7.885651,7.65621,8.513015000000001,,,,,,,,,,0,13704,,false
10%,true,true,before,2,1553.172855,1543.511616,1585.660775,50824420,100499,0,0,1,20122367,1364,0,0.116198,0,16428,2102784,false
10%,true,true,control,2,7.886265,7.672129,8.194617,812620,100499,0,0,1,3216,1137,0,0.068279,0,13704,2102784,false
10%,true,true,store,2,7.918265,7.6325,8.112642999999998,812620,100499,0,0,1,3216,1137,0,0.087399,0,13704,2102784,false
10%,false,false,store,1,0.179598,0.16630799999999998,0.22599799999999998,2243,54,0,0,1,572,0,0,0.048209,0,60,118272,false
10%,false,false,control,1,0.171018,0.163018,0.199477,2243,54,0,0,1,572,0,0,0.043199,0,60,118272,false
10%,false,false,before,1,298.656823,296.065854,316.255055,10002193,54,0,0,1,4023492,0,0,0.119718,0,60,1110528,false
10%,false,false,public,1,0.172858,0.16392800000000002,0.21005700000000002,,,,,,,,,,0,60,,false
10%,false,false,public,2,0.262567,0.173578,0.317131,,,,,,,,,,0,60,,false
10%,false,false,before,2,318.688961,308.009747,335.211264,10002193,54,0,0,1,4023492,0,0,0.192748,0,60,1110528,false
10%,false,false,control,2,0.211497,0.170998,0.358215,2243,54,0,0,1,572,0,0,0.046499,0,60,118272,false
10%,false,false,store,2,0.175148,0.163988,0.208018,2243,54,0,0,1,572,0,0,0.043309,0,60,118272,false
10%,false,true,store,1,7.482632,7.294003,7.740135,802355,100054,0,0,1,552,1111,0,0.079649,0,13392,2102784,false
10%,false,true,control,1,7.434086,7.299003,8.230698,802355,100054,0,0,1,552,1111,0,0.061729,0,13392,2102784,false
10%,false,true,before,1,328.098254,319.231139,345.328337,11052305,100054,0,0,1,4123814,1339,0,0.118588,0,16128,2102784,false
10%,false,true,public,1,7.598699,7.3159339999999995,7.730029,,,,,,,,,,0,13392,,false
10%,false,true,public,2,7.535150,7.405463,7.706808,,,,,,,,,,0,13392,,false
10%,false,true,before,2,324.034596,318.65606099999997,334.76254300000005,11052305,100054,0,0,1,4123814,1339,0,0.120639,0,16128,2102784,false
10%,false,true,control,2,8.178162,7.489990000000001,12.922846,802355,100054,0,0,1,552,1111,0,0.061319,0,13392,2102784,false
10%,false,true,store,2,7.519610,7.3243730000000005,7.714819,802355,100054,0,0,1,552,1111,0,0.091329,0,13392,2102784,false
90%,true,false,store,1,0.200878,0.19281800000000002,0.252647,2718,54,0,0,1,857,0,0,0.060000,0,60,118272,false
90%,true,false,control,1,0.199377,0.192248,0.254247,2718,54,0,0,1,857,0,0,0.042579,0,60,118272,false
90%,true,false,before,1,160.543241,157.501631,166.946224,4514963,54,0,0,1,1805762,10545,0,0.118819,0,126600,2102784,false
90%,true,false,public,1,0.203027,0.19350699999999998,0.239757,,,,,,,,,,0,60,,false
90%,true,false,public,2,0.197357,0.191998,0.235607,,,,,,,,,,0,60,,false
90%,true,false,before,2,160.820282,158.21595399999998,170.229545,4514963,54,0,0,1,1805762,10545,0,0.120589,0,126600,2102784,false
90%,true,false,control,2,0.222977,0.195328,0.363666,2718,54,0,0,1,857,0,0,0.043119,0,60,118272,false
90%,true,false,store,2,0.200877,0.19470800000000002,0.222687,2718,54,0,0,1,857,0,0,0.044450,0,60,118272,false
90%,true,true,store,1,7.639508,7.454510999999999,7.912381,802830,100054,0,0,1,836,1112,0,0.067409,0,13404,2102784,false
90%,true,true,control,1,7.464811,7.286143,8.134723,802830,100054,0,0,1,836,1112,0,0.067769,0,13404,2102784,false
90%,true,true,before,1,1934.913218,1910.1650449999997,1952.191488,50315075,100054,0,0,1,19805739,116723,0,0.136689,0,1400736,2102784,false
90%,true,true,public,1,7.499071,7.344262,9.259806000000001,,,,,,,,,,0,13404,,false
90%,true,true,public,2,7.534685,7.324592,12.439513,,,,,,,,,,0,13404,,false
90%,true,true,before,2,1938.827519,1920.032018,1976.785636,50315075,100054,0,0,1,19805739,116723,0,0.119119,0,1400736,2102784,false
90%,true,true,control,2,7.460151,7.258483,10.729341999999999,802830,100054,0,0,1,836,1112,0,0.060809,0,13404,2102784,false
90%,true,true,store,2,7.475721,7.302722999999999,8.126622999999999,802830,100054,0,0,1,836,1112,0,0.091989,0,13404,2102784,false
90%,false,false,store,1,0.567703,0.545743,0.606403,13368,499,0,0,1,4313,0,0,0.067270,0,60,261888,false
90%,false,false,control,1,0.557943,0.526784,0.593633,13368,499,0,0,1,4313,0,0,0.051490,0,60,261888,false
90%,false,false,before,1,,,,,,,,,,,,,,,,true
90%,false,false,public,1,0.574093,0.542954,0.7276710000000001,,,,,,,,,,0,60,,false
90%,false,false,public,2,0.572713,0.546534,0.781405,,,,,,,,,,0,60,,false
90%,false,false,before,2,,,,,,,,,,,,,,,,true
90%,false,false,control,2,0.559023,0.5353629999999999,0.6257269999999999,13368,499,0,0,1,4313,0,0,0.054400,0,60,261888,false
90%,false,false,store,2,0.561254,0.539484,0.5972230000000001,13368,499,0,0,1,4313,0,0,0.050759,0,60,261888,false
90%,false,true,store,1,8.165407,7.746277999999999,13.625918,814370,100499,0,0,1,4255,1148,0,0.107118,0,13836,2102784,false
90%,false,true,control,1,8.188488,7.779227,13.829696,814370,100499,0,0,1,4255,1148,0,0.156378,0,13836,2102784,false
90%,false,true,before,1,,,,,,,,,,,,,,,,true
90%,false,true,public,1,8.078754,7.8034669999999995,13.388565999999999,,,,,,,,,,0,13836,,false
90%,false,true,public,2,7.958885,7.8152859999999995,8.260456,,,,,,,,,,0,13836,,false
90%,false,true,before,2,,,,,,,,,,,,,,,,true
90%,false,true,control,2,7.873836,7.7441569999999995,8.068133999999999,814370,100499,0,0,1,4255,1148,0,0.077249,0,13836,2102784,false
90%,false,true,store,2,7.962464,7.762927,8.138454999999999,814370,100499,0,0,1,4255,1148,0,0.065930,0,13836,2102784,false
100%,true,false,store,1,0.304526,0.193877,0.330986,2618,49,0,0,1,812,0,0,0.044539,0,60,118272,false
100%,true,false,control,1,0.193728,0.18792799999999998,0.230657,2618,49,0,0,1,812,0,0,0.043659,0,60,118272,false
100%,true,false,before,1,0.642412,0.612033,1.227696,14868,49,0,0,1,5712,0,0,0.081849,0,60,118272,false
100%,true,false,public,1,0.309106,0.299936,0.362675,,,,,,,,,,0,60,,false
100%,true,false,public,2,0.297717,0.198978,0.394706,,,,,,,,,,0,60,,false
100%,true,false,before,2,0.632522,0.608312,0.646732,14868,49,0,0,1,5712,0,0,0.060769,0,60,118272,false
100%,true,false,control,2,0.196958,0.189827,0.24606699999999998,2618,49,0,0,1,812,0,0,0.043490,0,60,118272,false
100%,true,false,store,2,0.192618,0.189788,0.248887,2618,49,0,0,1,812,0,0,0.046240,0,60,118272,false
100%,true,true,store,1,7.636038,7.251345000000001,8.672457,802720,100049,0,0,1,791,1112,0,0.107879,0,13404,2102784,false
100%,true,true,control,1,7.476751,7.355702000000001,7.707769,802720,100049,0,0,1,791,1112,0,0.065369,0,13404,2102784,false
100%,true,true,before,1,1915.739290,1887.5740990000002,1934.9474129999999,50814970,100049,0,0,1,20005691,117912,0,0.173018,0,1415004,2102784,false
100%,true,true,public,1,7.475362,7.288053,7.6622390000000005,,,,,,,,,,0,13404,,false
100%,true,true,public,2,7.423562,7.340372,7.829687,,,,,,,,,,0,13404,,false
100%,true,true,before,2,1906.352275,1877.577987,1953.767138,50814970,100049,0,0,1,20005691,117912,0,0.117689,0,1415004,2102784,false
100%,true,true,control,2,7.644849,7.362124000000001,11.862369,802720,100049,0,0,1,791,1112,0,0.104119,0,13404,2102784,false
100%,true,true,store,2,7.438061,7.229055,7.836198,802720,100049,0,0,1,791,1112,0,0.070389,0,13404,2102784,false
100%,false,false,store,1,176.115185,173.113591,181.014928,5000019,199999,0,0,1,1593090,8724,0,0.120529,0,104748,2102784,false
100%,false,false,control,1,175.289795,174.229223,187.50749,5000019,199999,0,0,1,1593090,8724,0,0.120518,0,104748,2102784,false
100%,false,false,before,1,,,,,,,,,,,,,,,,true
100%,false,false,public,1,180.163637,173.357684,183.92287800000003,,,,,,,,,,0,104748,,false
100%,false,false,public,2,181.420026,173.975201,187.246408,,,,,,,,,,0,104748,,false
100%,false,false,before,2,,,,,,,,,,,,,,,,true
100%,false,false,control,2,175.664701,173.744453,183.536541,5000019,199999,0,0,1,1593090,8724,0,0.120358,0,104748,2102784,false
100%,false,false,store,2,181.579979,175.193701,185.44795,5000019,199999,0,0,1,1593090,8724,0,0.123429,0,104748,2102784,false
100%,false,true,store,1,97.879736,96.079307,101.171197,3500021,199999,0,0,1,796334,5480,0,0.120579,0,65820,2102784,false
100%,false,true,control,1,97.240579,95.571028,101.960232,3500021,199999,0,0,1,796334,5480,0,0.126879,0,65820,2102784,false
100%,false,true,before,1,,,,,,,,,,,,,,,,true
100%,false,true,public,1,97.592795,96.587186,103.374622,,,,,,,,,,0,65820,,false
100%,false,true,public,2,96.807449,96.11299700000001,105.18666,,,,,,,,,,0,65820,,false
100%,false,true,before,2,,,,,,,,,,,,,,,,true
100%,false,true,control,2,97.230954,95.653938,99.12251599999999,3500021,199999,0,0,1,796334,5480,0,0.119599,0,65820,2102784,false
100%,false,true,store,2,97.253378,95.68990099999999,104.041282,3500021,199999,0,0,1,796334,5480,0,0.116058,0,65820,2102784,false
